{
  "trigger": "id",
  "dataset": "cifar10",
  "seed": 0,
  "ordering_variance_decay": 0.8183025086980407,
  "ordering_pc_alignment": 0.15495428507371015,
  "linear_probe": 0.4098,
  "knn5": 0.3559,
  "final_intrinsic_dim": 17.477172731739582,
  "epoch_reached_128": 41,
  "n_growth_events": 6,
  "growth_schedule": [
    [
      6,
      6,
      10
    ],
    [
      12,
      10,
      17
    ],
    [
      23,
      17,
      29
    ],
    [
      29,
      29,
      49
    ],
    [
      35,
      49,
      83
    ],
    [
      41,
      83,
      128
    ]
  ],
  "final_dim": 128
}