{
  "dataset": "cifar10",
  "rate": 1.5,
  "epochs_per_stage": 6,
  "seed": 0,
  "linear_probe": 0.4077,
  "knn5": 0.3581,
  "ordering_variance_decay": 0.8617469327961912,
  "ordering_pc_alignment": -0.046290490291433437,
  "final_intrinsic_dim": 17.238444442712087,
  "final_dim": 128,
  "reached_naturally": true,
  "n_growth_events": 8
}