{
  "dataset": "cifar10",
  "rate": 1.7,
  "epochs_per_stage": 6,
  "seed": 4,
  "linear_probe": 0.4021,
  "knn5": 0.3599,
  "ordering_variance_decay": 0.8059364127449185,
  "ordering_pc_alignment": 0.0612333304956744,
  "final_intrinsic_dim": 18.697963238442576,
  "final_dim": 128,
  "reached_naturally": true,
  "n_growth_events": 6
}