{
  "dataset": "cifar100",
  "rate": 1.3,
  "epochs_per_stage": 4,
  "seed": 0,
  "linear_probe": 0.1838,
  "knn5": 0.1434,
  "ordering_variance_decay": 0.9278520417505951,
  "ordering_pc_alignment": 0.04339921073880921,
  "final_intrinsic_dim": 13.170583274342398,
  "final_dim": 128,
  "reached_naturally": true,
  "n_growth_events": 12
}