{
  "dataset": "cifar100",
  "rate": 1.7,
  "epochs_per_stage": 4,
  "seed": 3,
  "linear_probe": 0.1867,
  "knn5": 0.1527,
  "ordering_variance_decay": 0.598808597326497,
  "ordering_pc_alignment": 0.0969976394426661,
  "final_intrinsic_dim": 13.419881145468517,
  "final_dim": 128,
  "reached_naturally": true,
  "n_growth_events": 6
}