{
  "dataset": "cifar10",
  "rate": 1.5,
  "epochs_per_stage": 4,
  "seed": 1,
  "linear_probe": 0.4174,
  "knn5": 0.3722,
  "ordering_variance_decay": 0.7549212598425198,
  "ordering_pc_alignment": 0.19916165668960112,
  "final_intrinsic_dim": 18.474888651316732,
  "final_dim": 128,
  "reached_naturally": true,
  "n_growth_events": 8
}