{
  "dataset": "cifar10",
  "rate": 1.3,
  "epochs_per_stage": 8,
  "seed": 0,
  "linear_probe": 0.4153,
  "knn5": 0.359,
  "ordering_variance_decay": 0.9210652810840504,
  "ordering_pc_alignment": 0.09174165683836122,
  "final_intrinsic_dim": 17.244903915362904,
  "final_dim": 128,
  "reached_naturally": false,
  "n_growth_events": 12
}