{
  "dataset": "cifar100",
  "rate": 1.7,
  "epochs_per_stage": 6,
  "seed": 2,
  "linear_probe": 0.1935,
  "knn5": 0.1539,
  "ordering_variance_decay": 0.7066299670390038,
  "ordering_pc_alignment": -0.055920764432786256,
  "final_intrinsic_dim": 13.374830666887515,
  "final_dim": 128,
  "reached_naturally": true,
  "n_growth_events": 6
}