{
  "dataset": "cifar100",
  "rate": 1.3,
  "epochs_per_stage": 4,
  "seed": 1,
  "linear_probe": 0.1902,
  "knn5": 0.1539,
  "ordering_variance_decay": 0.9412767808093755,
  "ordering_pc_alignment": 0.07615929414676145,
  "final_intrinsic_dim": 13.327099909061003,
  "final_dim": 128,
  "reached_naturally": true,
  "n_growth_events": 12
}