{
  "dataset": "cifar100",
  "rate": 2.0,
  "epochs_per_stage": 8,
  "seed": 2,
  "linear_probe": 0.1678,
  "knn5": 0.1402,
  "ordering_variance_decay": -0.39267647866691086,
  "ordering_pc_alignment": 0.27463789634113256,
  "final_intrinsic_dim": 11.978502065029689,
  "final_dim": 128,
  "reached_naturally": true,
  "n_growth_events": 5
}