{
  "dataset": "cifar100",
  "rate": 1.3,
  "epochs_per_stage": 8,
  "seed": 4,
  "linear_probe": 0.1868,
  "knn5": 0.1457,
  "ordering_variance_decay": 0.9226561069401207,
  "ordering_pc_alignment": -0.13779836817735494,
  "final_intrinsic_dim": 13.347071234039678,
  "final_dim": 128,
  "reached_naturally": false,
  "n_growth_events": 12
}