{
  "dataset": "cifar10",
  "rate": 2.5,
  "epochs_per_stage": 8,
  "seed": 0,
  "linear_probe": 0.3862,
  "knn5": 0.3576,
  "ordering_variance_decay": -0.1840207837392419,
  "ordering_pc_alignment": 0.05393759312828442,
  "final_intrinsic_dim": 18.869877635270992,
  "final_dim": 128,
  "reached_naturally": true,
  "n_growth_events": 4
}