{
  "dataset": "cifar10",
  "rate": 1.3,
  "epochs_per_stage": 10,
  "seed": 3,
  "linear_probe": 0.4013,
  "knn5": 0.3651,
  "ordering_variance_decay": 0.92840711408167,
  "ordering_pc_alignment": -0.18395196746474457,
  "final_intrinsic_dim": 18.781532931630245,
  "final_dim": 128,
  "reached_naturally": false,
  "n_growth_events": 12
}