{
  "dataset": "cifar100",
  "rate": 1.3,
  "epochs_per_stage": 6,
  "seed": 3,
  "linear_probe": 0.1892,
  "knn5": 0.1461,
  "ordering_variance_decay": 0.8453351034609046,
  "ordering_pc_alignment": 0.11449619021926971,
  "final_intrinsic_dim": 12.745915980067737,
  "final_dim": 128,
  "reached_naturally": false,
  "n_growth_events": 12
}