{
  "dataset": "cifar100",
  "rate": 1.5,
  "epochs_per_stage": 6,
  "seed": 4,
  "linear_probe": 0.184,
  "knn5": 0.1421,
  "ordering_variance_decay": 0.9153886650796556,
  "ordering_pc_alignment": 0.009823933108984249,
  "final_intrinsic_dim": 13.114873868587072,
  "final_dim": 128,
  "reached_naturally": true,
  "n_growth_events": 8
}