{
  "dataset": "cifar100",
  "rate": 2.0,
  "epochs_per_stage": 4,
  "seed": 0,
  "linear_probe": 0.1691,
  "knn5": 0.1443,
  "ordering_variance_decay": -0.4856367881340414,
  "ordering_pc_alignment": 0.42872518666658743,
  "final_intrinsic_dim": 12.264286551620279,
  "final_dim": 128,
  "reached_naturally": true,
  "n_growth_events": 5
}