{
  "dataset": "cifar10",
  "rate": 2.5,
  "epochs_per_stage": 4,
  "seed": 4,
  "linear_probe": 0.3958,
  "knn5": 0.3628,
  "ordering_variance_decay": -0.5241599523896722,
  "ordering_pc_alignment": 0.047644653820886194,
  "final_intrinsic_dim": 18.076801782313517,
  "final_dim": 128,
  "reached_naturally": true,
  "n_growth_events": 4
}