{
  "dataset": "cifar10",
  "rate": 2.0,
  "epochs_per_stage": 6,
  "seed": 1,
  "linear_probe": 0.3924,
  "knn5": 0.3742,
  "ordering_variance_decay": -0.5033304339864493,
  "ordering_pc_alignment": -0.07694722801463798,
  "final_intrinsic_dim": 15.662978586575361,
  "final_dim": 128,
  "reached_naturally": true,
  "n_growth_events": 5
}