{
  "dataset": "cifar10",
  "rate": 1.7,
  "epochs_per_stage": 6,
  "seed": 0,
  "linear_probe": 0.41,
  "knn5": 0.3602,
  "ordering_variance_decay": 0.8061710309467129,
  "ordering_pc_alignment": 0.024498721168630878,
  "final_intrinsic_dim": 18.310136340642625,
  "final_dim": 128,
  "reached_naturally": true,
  "n_growth_events": 6
}