{
  "dataset": "cifar10",
  "rate": 1.5,
  "epochs_per_stage": 6,
  "seed": 2,
  "linear_probe": 0.4254,
  "knn5": 0.3775,
  "ordering_variance_decay": 0.8585595586888847,
  "ordering_pc_alignment": -0.07403415802670289,
  "final_intrinsic_dim": 18.137026778380733,
  "final_dim": 128,
  "reached_naturally": true,
  "n_growth_events": 8
}