{
  "dataset": "cifar100",
  "rate": 1.7,
  "epochs_per_stage": 6,
  "seed": 1,
  "linear_probe": 0.1912,
  "knn5": 0.1526,
  "ordering_variance_decay": 0.8230692638710858,
  "ordering_pc_alignment": 0.021469433322420937,
  "final_intrinsic_dim": 13.497909292859122,
  "final_dim": 128,
  "reached_naturally": true,
  "n_growth_events": 6
}