{
  "dataset": "cifar100",
  "rate": 1.3,
  "epochs_per_stage": 10,
  "seed": 0,
  "linear_probe": 0.1821,
  "knn5": 0.1429,
  "ordering_variance_decay": 0.9414942318256728,
  "ordering_pc_alignment": 0.14044164551692806,
  "final_intrinsic_dim": 13.228606667938518,
  "final_dim": 128,
  "reached_naturally": false,
  "n_growth_events": 12
}