{
  "dataset": "cifar10",
  "rate": 1.7,
  "epochs_per_stage": 4,
  "seed": 2,
  "linear_probe": 0.4256,
  "knn5": 0.3921,
  "ordering_variance_decay": 0.6712369529390221,
  "ordering_pc_alignment": -0.010689474067183135,
  "final_intrinsic_dim": 18.087510432991543,
  "final_dim": 128,
  "reached_naturally": true,
  "n_growth_events": 6
}