{
  "dataset": "cifar100",
  "rate": 2.0,
  "epochs_per_stage": 4,
  "seed": 4,
  "linear_probe": 0.1687,
  "knn5": 0.1416,
  "ordering_variance_decay": -0.6014752334737228,
  "ordering_pc_alignment": 0.1355526338800208,
  "final_intrinsic_dim": 11.795008097816616,
  "final_dim": 128,
  "reached_naturally": true,
  "n_growth_events": 5
}