{
  "dataset": "cifar10",
  "rate": 1.7,
  "epochs_per_stage": 6,
  "seed": 2,
  "linear_probe": 0.4224,
  "knn5": 0.389,
  "ordering_variance_decay": 0.7679625984251969,
  "ordering_pc_alignment": 0.053289629477825076,
  "final_intrinsic_dim": 18.048608125207693,
  "final_dim": 128,
  "reached_naturally": true,
  "n_growth_events": 6
}