{
  "dataset": "cifar10",
  "rate": 1.5,
  "epochs_per_stage": 10,
  "seed": 1,
  "linear_probe": 0.4152,
  "knn5": 0.3737,
  "ordering_variance_decay": 0.8588857352133309,
  "ordering_pc_alignment": -0.01070966292144587,
  "final_intrinsic_dim": 18.03520509062789,
  "final_dim": 128,
  "reached_naturally": false,
  "n_growth_events": 8
}