{
  "dataset": "cifar100",
  "rate": 2.0,
  "epochs_per_stage": 6,
  "seed": 1,
  "linear_probe": 0.169,
  "knn5": 0.1434,
  "ordering_variance_decay": -0.5610808459989013,
  "ordering_pc_alignment": -0.008890577481078977,
  "final_intrinsic_dim": 11.871553561215537,
  "final_dim": 128,
  "reached_naturally": true,
  "n_growth_events": 5
}