{
  "dataset": "cifar10",
  "rate": 1.5,
  "epochs_per_stage": 4,
  "seed": 2,
  "linear_probe": 0.4223,
  "knn5": 0.4007,
  "ordering_variance_decay": 0.7054053744735396,
  "ordering_pc_alignment": 0.039853613064576264,
  "final_intrinsic_dim": 18.016959681110198,
  "final_dim": 128,
  "reached_naturally": true,
  "n_growth_events": 8
}