{
  "dataset": "cifar10",
  "rate": 1.3,
  "epochs_per_stage": 8,
  "seed": 4,
  "linear_probe": 0.4131,
  "knn5": 0.358,
  "ordering_variance_decay": 0.8597669840688518,
  "ordering_pc_alignment": 0.016250119385498755,
  "final_intrinsic_dim": 17.101254887788954,
  "final_dim": 128,
  "reached_naturally": false,
  "n_growth_events": 12
}