{
  "dataset": "cifar100",
  "rate": 2.0,
  "epochs_per_stage": 10,
  "seed": 1,
  "linear_probe": 0.1617,
  "knn5": 0.1336,
  "ordering_variance_decay": 0.435268265885369,
  "ordering_pc_alignment": 0.08502842733295514,
  "final_intrinsic_dim": 11.003379484997462,
  "final_dim": 128,
  "reached_naturally": true,
  "n_growth_events": 5
}