{
  "dataset": "cifar10",
  "rate": 2.0,
  "epochs_per_stage": 6,
  "seed": 0,
  "linear_probe": 0.3865,
  "knn5": 0.3615,
  "ordering_variance_decay": -0.5807315509979857,
  "ordering_pc_alignment": 0.18510462064796263,
  "final_intrinsic_dim": 15.364390645736714,
  "final_dim": 128,
  "reached_naturally": true,
  "n_growth_events": 5
}