{
  "dataset": "cifar100",
  "rate": 1.5,
  "epochs_per_stage": 4,
  "seed": 0,
  "linear_probe": 0.1807,
  "knn5": 0.1408,
  "ordering_variance_decay": 0.7732272019776597,
  "ordering_pc_alignment": 0.08978777931163409,
  "final_intrinsic_dim": 13.337736833619639,
  "final_dim": 128,
  "reached_naturally": true,
  "n_growth_events": 8
}