{
  "dataset": "cifar100",
  "rate": 1.5,
  "epochs_per_stage": 10,
  "seed": 3,
  "linear_probe": 0.1875,
  "knn5": 0.1461,
  "ordering_variance_decay": 0.8380962735762679,
  "ordering_pc_alignment": -0.12193184011204067,
  "final_intrinsic_dim": 13.208491782684815,
  "final_dim": 128,
  "reached_naturally": false,
  "n_growth_events": 8
}