{
  "dataset": "cifar10",
  "rate": 1.3,
  "epochs_per_stage": 10,
  "seed": 2,
  "linear_probe": 0.4209,
  "knn5": 0.382,
  "ordering_variance_decay": 0.8737639626442043,
  "ordering_pc_alignment": 0.027109380320396285,
  "final_intrinsic_dim": 18.132376182023986,
  "final_dim": 128,
  "reached_naturally": false,
  "n_growth_events": 12
}