{
  "dataset": "cifar10",
  "rate": 1.3,
  "epochs_per_stage": 4,
  "seed": 2,
  "linear_probe": 0.4212,
  "knn5": 0.3859,
  "ordering_variance_decay": 0.8770371726789965,
  "ordering_pc_alignment": -0.005376908232208261,
  "final_intrinsic_dim": 18.072625196746234,
  "final_dim": 128,
  "reached_naturally": true,
  "n_growth_events": 12
}