{
  "dataset": "cifar100",
  "rate": 2.5,
  "epochs_per_stage": 6,
  "seed": 2,
  "linear_probe": 0.172,
  "knn5": 0.1471,
  "ordering_variance_decay": -0.28554179637429045,
  "ordering_pc_alignment": -0.07226285050965313,
  "final_intrinsic_dim": 13.261530651395745,
  "final_dim": 128,
  "reached_naturally": true,
  "n_growth_events": 4
}