{
  "dataset": "cifar100",
  "rate": 2.5,
  "epochs_per_stage": 10,
  "seed": 2,
  "linear_probe": 0.1734,
  "knn5": 0.1472,
  "ordering_variance_decay": 0.337873100164805,
  "ordering_pc_alignment": 0.21212819470945604,
  "final_intrinsic_dim": 12.42256207351044,
  "final_dim": 128,
  "reached_naturally": true,
  "n_growth_events": 4
}