{
  "dataset": "cifar100",
  "rate": 2.5,
  "epochs_per_stage": 4,
  "seed": 3,
  "linear_probe": 0.173,
  "knn5": 0.1495,
  "ordering_variance_decay": -0.6494632393334553,
  "ordering_pc_alignment": 0.05943913460851273,
  "final_intrinsic_dim": 12.739473321596481,
  "final_dim": 128,
  "reached_naturally": true,
  "n_growth_events": 4
}