{
  "dataset": "cifar10",
  "rate": 1.3,
  "epochs_per_stage": 10,
  "seed": 4,
  "linear_probe": 0.4111,
  "knn5": 0.3572,
  "ordering_variance_decay": 0.8591203534151254,
  "ordering_pc_alignment": 0.049635718229388635,
  "final_intrinsic_dim": 17.44208427616564,
  "final_dim": 128,
  "reached_naturally": false,
  "n_growth_events": 12
}