{
  "dataset": "cifar100",
  "rate": 1.7,
  "epochs_per_stage": 6,
  "seed": 3,
  "linear_probe": 0.1935,
  "knn5": 0.1517,
  "ordering_variance_decay": 0.6638836751510713,
  "ordering_pc_alignment": 0.06887613919858993,
  "final_intrinsic_dim": 13.272219821465379,
  "final_dim": 128,
  "reached_naturally": true,
  "n_growth_events": 6
}