{
  "dataset": "cifar10",
  "rate": 1.3,
  "epochs_per_stage": 8,
  "seed": 1,
  "linear_probe": 0.4166,
  "knn5": 0.3702,
  "ordering_variance_decay": 0.8732317798937922,
  "ordering_pc_alignment": -0.14649763552309208,
  "final_intrinsic_dim": 18.734101891637692,
  "final_dim": 128,
  "reached_naturally": false,
  "n_growth_events": 12
}