{
  "dataset": "cifar10",
  "rate": 1.7,
  "epochs_per_stage": 8,
  "seed": 3,
  "linear_probe": 0.4008,
  "knn5": 0.359,
  "ordering_variance_decay": 0.9031713514008423,
  "ordering_pc_alignment": 0.018130843261664115,
  "final_intrinsic_dim": 18.874293155310546,
  "final_dim": 128,
  "reached_naturally": true,
  "n_growth_events": 6
}