{
  "dataset": "cifar100",
  "rate": 2.0,
  "epochs_per_stage": 8,
  "seed": 1,
  "linear_probe": 0.1675,
  "knn5": 0.1462,
  "ordering_variance_decay": -0.38729170481596775,
  "ordering_pc_alignment": -0.008700699628275344,
  "final_intrinsic_dim": 11.950172936635516,
  "final_dim": 128,
  "reached_naturally": true,
  "n_growth_events": 5
}