{
  "dataset": "cifar10",
  "rate": 1.7,
  "epochs_per_stage": 4,
  "seed": 1,
  "linear_probe": 0.4163,
  "knn5": 0.3786,
  "ordering_variance_decay": 0.6885185863394983,
  "ordering_pc_alignment": 0.01439766722634123,
  "final_intrinsic_dim": 18.76637268843068,
  "final_dim": 128,
  "reached_naturally": true,
  "n_growth_events": 6
}