{
  "dataset": "cifar100",
  "rate": 2.5,
  "epochs_per_stage": 8,
  "seed": 0,
  "linear_probe": 0.1678,
  "knn5": 0.1485,
  "ordering_variance_decay": 0.21074436916315692,
  "ordering_pc_alignment": 0.15943589464282026,
  "final_intrinsic_dim": 13.364350844935666,
  "final_dim": 128,
  "reached_naturally": true,
  "n_growth_events": 4
}