{
  "dataset": "cifar100",
  "rate": 1.3,
  "epochs_per_stage": 10,
  "seed": 2,
  "linear_probe": 0.2015,
  "knn5": 0.1491,
  "ordering_variance_decay": 0.8891572056399925,
  "ordering_pc_alignment": -0.16997363773057841,
  "final_intrinsic_dim": 13.004199469839484,
  "final_dim": 128,
  "reached_naturally": false,
  "n_growth_events": 12
}