{
  "dataset": "cifar10",
  "rate": 1.5,
  "epochs_per_stage": 6,
  "seed": 1,
  "linear_probe": 0.4137,
  "knn5": 0.3769,
  "ordering_variance_decay": 0.8646882439113717,
  "ordering_pc_alignment": 0.027741137578686226,
  "final_intrinsic_dim": 18.049574802177872,
  "final_dim": 128,
  "reached_naturally": true,
  "n_growth_events": 8
}