{
  "dataset": "cifar100",
  "rate": 1.5,
  "epochs_per_stage": 4,
  "seed": 4,
  "linear_probe": 0.1831,
  "knn5": 0.1456,
  "ordering_variance_decay": 0.7468584050540193,
  "ordering_pc_alignment": 0.04519104945730547,
  "final_intrinsic_dim": 13.379493086124741,
  "final_dim": 128,
  "reached_naturally": true,
  "n_growth_events": 8
}