{
  "dataset": "cifar10",
  "rate": 1.7,
  "epochs_per_stage": 10,
  "seed": 0,
  "linear_probe": 0.4056,
  "knn5": 0.3617,
  "ordering_variance_decay": 0.8834233656839406,
  "ordering_pc_alignment": -0.06395621462674748,
  "final_intrinsic_dim": 17.325554695222138,
  "final_dim": 128,
  "reached_naturally": false,
  "n_growth_events": 6
}