{
  "dataset": "cifar10",
  "rate": 1.3,
  "epochs_per_stage": 4,
  "seed": 4,
  "linear_probe": 0.4134,
  "knn5": 0.3531,
  "ordering_variance_decay": 0.8627655191356894,
  "ordering_pc_alignment": 0.016859089388937754,
  "final_intrinsic_dim": 17.425834025788415,
  "final_dim": 128,
  "reached_naturally": true,
  "n_growth_events": 12
}