{
  "dataset": "cifar10",
  "rate": 2.5,
  "epochs_per_stage": 6,
  "seed": 3,
  "linear_probe": 0.3905,
  "knn5": 0.3442,
  "ordering_variance_decay": -0.43062168101080384,
  "ordering_pc_alignment": -0.07442568939348052,
  "final_intrinsic_dim": 17.746778236936763,
  "final_dim": 128,
  "reached_naturally": true,
  "n_growth_events": 4
}