{
  "dataset": "cifar10",
  "rate": 2.0,
  "epochs_per_stage": 8,
  "seed": 1,
  "linear_probe": 0.3886,
  "knn5": 0.3684,
  "ordering_variance_decay": -0.25453785936641643,
  "ordering_pc_alignment": -0.2280500351717088,
  "final_intrinsic_dim": 13.905664783297158,
  "final_dim": 128,
  "reached_naturally": true,
  "n_growth_events": 5
}