{
  "dataset": "cifar100",
  "rate": 1.5,
  "epochs_per_stage": 10,
  "seed": 2,
  "linear_probe": 0.1957,
  "knn5": 0.1523,
  "ordering_variance_decay": 0.8918982329243728,
  "ordering_pc_alignment": -0.016217889863241523,
  "final_intrinsic_dim": 12.643090602604511,
  "final_dim": 128,
  "reached_naturally": false,
  "n_growth_events": 8
}