{
  "dataset": "cifar100",
  "rate": 2.5,
  "epochs_per_stage": 6,
  "seed": 4,
  "linear_probe": 0.1695,
  "knn5": 0.152,
  "ordering_variance_decay": -0.24480406518952572,
  "ordering_pc_alignment": -0.004862010801804811,
  "final_intrinsic_dim": 13.58919769514631,
  "final_dim": 128,
  "reached_naturally": true,
  "n_growth_events": 4
}