{
  "dataset": "cifar100",
  "rate": 1.5,
  "epochs_per_stage": 6,
  "seed": 1,
  "linear_probe": 0.1901,
  "knn5": 0.1539,
  "ordering_variance_decay": 0.922793444424098,
  "ordering_pc_alignment": -0.22396533470678404,
  "final_intrinsic_dim": 13.093027370832964,
  "final_dim": 128,
  "reached_naturally": true,
  "n_growth_events": 8
}