{
  "dataset": "cifar100",
  "rate": 1.7,
  "epochs_per_stage": 4,
  "seed": 4,
  "linear_probe": 0.1825,
  "knn5": 0.1456,
  "ordering_variance_decay": 0.7231905786485991,
  "ordering_pc_alignment": 0.1482365607208083,
  "final_intrinsic_dim": 13.47277070343993,
  "final_dim": 128,
  "reached_naturally": true,
  "n_growth_events": 6
}