{
  "dataset": "cifar100",
  "rate": 1.5,
  "epochs_per_stage": 4,
  "seed": 3,
  "linear_probe": 0.1858,
  "knn5": 0.1467,
  "ordering_variance_decay": 0.6600038912287126,
  "ordering_pc_alignment": -0.06859283950718735,
  "final_intrinsic_dim": 12.479786668658926,
  "final_dim": 128,
  "reached_naturally": true,
  "n_growth_events": 8
}