{
  "dataset": "cifar100",
  "rate": 2.0,
  "epochs_per_stage": 10,
  "seed": 2,
  "linear_probe": 0.1652,
  "knn5": 0.1307,
  "ordering_variance_decay": 0.4722234938655923,
  "ordering_pc_alignment": 0.308923267539138,
  "final_intrinsic_dim": 10.958646973922322,
  "final_dim": 128,
  "reached_naturally": true,
  "n_growth_events": 5
}