{
  "dataset": "cifar10",
  "rate": 1.3,
  "epochs_per_stage": 4,
  "seed": 1,
  "linear_probe": 0.4178,
  "knn5": 0.3722,
  "ordering_variance_decay": 0.8750858359274858,
  "ordering_pc_alignment": -0.12229688323335497,
  "final_intrinsic_dim": 18.79531281577599,
  "final_dim": 128,
  "reached_naturally": true,
  "n_growth_events": 12
}