{
  "dataset": "cifar10",
  "rate": 1.7,
  "epochs_per_stage": 4,
  "seed": 0,
  "linear_probe": 0.4061,
  "knn5": 0.3518,
  "ordering_variance_decay": 0.6697548525911006,
  "ordering_pc_alignment": 0.15618265207303983,
  "final_intrinsic_dim": 18.27378845906394,
  "final_dim": 128,
  "reached_naturally": true,
  "n_growth_events": 6
}