{
  "dataset": "cifar100",
  "rate": 1.3,
  "epochs_per_stage": 4,
  "seed": 2,
  "linear_probe": 0.1998,
  "knn5": 0.1506,
  "ordering_variance_decay": 0.8903474638344624,
  "ordering_pc_alignment": -0.10228162068034308,
  "final_intrinsic_dim": 12.962379562146417,
  "final_dim": 128,
  "reached_naturally": true,
  "n_growth_events": 12
}