{
  "dataset": "cifar100",
  "rate": 2.0,
  "epochs_per_stage": 6,
  "seed": 2,
  "linear_probe": 0.1684,
  "knn5": 0.1478,
  "ordering_variance_decay": -0.5997070133675151,
  "ordering_pc_alignment": 0.17608127315187455,
  "final_intrinsic_dim": 11.43321454517871,
  "final_dim": 128,
  "reached_naturally": true,
  "n_growth_events": 5
}