{
  "dataset": "cifar100",
  "rate": 1.3,
  "epochs_per_stage": 8,
  "seed": 1,
  "linear_probe": 0.1924,
  "knn5": 0.1529,
  "ordering_variance_decay": 0.9374713880241714,
  "ordering_pc_alignment": 0.013542356081611811,
  "final_intrinsic_dim": 13.312436377436086,
  "final_dim": 128,
  "reached_naturally": false,
  "n_growth_events": 12
}