{
  "dataset": "cifar10",
  "rate": 1.7,
  "epochs_per_stage": 10,
  "seed": 3,
  "linear_probe": 0.4051,
  "knn5": 0.3614,
  "ordering_variance_decay": 0.9041327137886834,
  "ordering_pc_alignment": 0.062347316488192306,
  "final_intrinsic_dim": 18.961484026530144,
  "final_dim": 128,
  "reached_naturally": false,
  "n_growth_events": 6
}