{
  "dataset": "cifar10",
  "rate": 2.0,
  "epochs_per_stage": 10,
  "seed": 2,
  "linear_probe": 0.382,
  "knn5": 0.3542,
  "ordering_variance_decay": 0.42263893975462363,
  "ordering_pc_alignment": 0.24420667355920445,
  "final_intrinsic_dim": 13.284598350923096,
  "final_dim": 128,
  "reached_naturally": true,
  "n_growth_events": 5
}