{
  "dataset": "cifar100",
  "rate": 1.7,
  "epochs_per_stage": 8,
  "seed": 4,
  "linear_probe": 0.1842,
  "knn5": 0.1434,
  "ordering_variance_decay": 0.9114459348104742,
  "ordering_pc_alignment": -0.08678820117530493,
  "final_intrinsic_dim": 13.004830643559279,
  "final_dim": 128,
  "reached_naturally": true,
  "n_growth_events": 6
}