{
  "dataset": "cifar100",
  "rate": 2.0,
  "epochs_per_stage": 4,
  "seed": 1,
  "linear_probe": 0.1736,
  "knn5": 0.1491,
  "ordering_variance_decay": -0.6336694286760667,
  "ordering_pc_alignment": 0.09406624050977913,
  "final_intrinsic_dim": 12.193707433686967,
  "final_dim": 128,
  "reached_naturally": true,
  "n_growth_events": 5
}