{
  "dataset": "cifar100",
  "rate": 1.7,
  "epochs_per_stage": 4,
  "seed": 1,
  "linear_probe": 0.1965,
  "knn5": 0.1553,
  "ordering_variance_decay": 0.7025155649148507,
  "ordering_pc_alignment": 0.05223000264165458,
  "final_intrinsic_dim": 13.494657905979622,
  "final_dim": 128,
  "reached_naturally": true,
  "n_growth_events": 6
}