{
  "dataset": "cifar10",
  "rate": 2.5,
  "epochs_per_stage": 10,
  "seed": 0,
  "linear_probe": 0.3916,
  "knn5": 0.361,
  "ordering_variance_decay": 0.025939617286211313,
  "ordering_pc_alignment": 0.12980982003954236,
  "final_intrinsic_dim": 17.919083755602372,
  "final_dim": 128,
  "reached_naturally": true,
  "n_growth_events": 4
}