{
  "dataset": "cifar100",
  "rate": 2.5,
  "epochs_per_stage": 10,
  "seed": 0,
  "linear_probe": 0.1688,
  "knn5": 0.1423,
  "ordering_variance_decay": 0.5471697033510347,
  "ordering_pc_alignment": 0.16943964662003144,
  "final_intrinsic_dim": 12.730456769205517,
  "final_dim": 128,
  "reached_naturally": true,
  "n_growth_events": 4
}