{
  "dataset": "cifar100",
  "rate": 1.7,
  "epochs_per_stage": 4,
  "seed": 2,
  "linear_probe": 0.1963,
  "knn5": 0.1497,
  "ordering_variance_decay": 0.6589795824940486,
  "ordering_pc_alignment": 0.03596219000580152,
  "final_intrinsic_dim": 13.413552848427905,
  "final_dim": 128,
  "reached_naturally": true,
  "n_growth_events": 6
}