{
  "dataset": "cifar100",
  "rate": 2.5,
  "epochs_per_stage": 4,
  "seed": 4,
  "linear_probe": 0.1771,
  "knn5": 0.1497,
  "ordering_variance_decay": -0.36219327961911735,
  "ordering_pc_alignment": 0.06161425212848054,
  "final_intrinsic_dim": 13.144974980169433,
  "final_dim": 128,
  "reached_naturally": true,
  "n_growth_events": 4
}