{
  "dataset": "cifar100",
  "rate": 2.0,
  "epochs_per_stage": 8,
  "seed": 3,
  "linear_probe": 0.1588,
  "knn5": 0.1337,
  "ordering_variance_decay": -0.5506775315876212,
  "ordering_pc_alignment": 0.11615746064954192,
  "final_intrinsic_dim": 11.515307036844327,
  "final_dim": 128,
  "reached_naturally": true,
  "n_growth_events": 5
}