{
  "dataset": "cifar100",
  "rate": 1.7,
  "epochs_per_stage": 8,
  "seed": 2,
  "linear_probe": 0.1925,
  "knn5": 0.1524,
  "ordering_variance_decay": 0.9102442318256729,
  "ordering_pc_alignment": -0.05013887462082044,
  "final_intrinsic_dim": 12.95781075365138,
  "final_dim": 128,
  "reached_naturally": true,
  "n_growth_events": 6
}