{
  "dataset": "cifar100",
  "rate": 1.3,
  "epochs_per_stage": 6,
  "seed": 0,
  "linear_probe": 0.1832,
  "knn5": 0.1414,
  "ordering_variance_decay": 0.9238463651345906,
  "ordering_pc_alignment": 0.022203777103262982,
  "final_intrinsic_dim": 13.190167132101248,
  "final_dim": 128,
  "reached_naturally": false,
  "n_growth_events": 12
}