{
  "dataset": "cifar10",
  "rate": 1.3,
  "epochs_per_stage": 6,
  "seed": 2,
  "linear_probe": 0.4189,
  "knn5": 0.3782,
  "ordering_variance_decay": 0.8778154184215344,
  "ordering_pc_alignment": -0.023598083176606603,
  "final_intrinsic_dim": 18.05070451642544,
  "final_dim": 128,
  "reached_naturally": false,
  "n_growth_events": 12
}