{
  "dataset": "cifar10",
  "rate": 1.3,
  "epochs_per_stage": 6,
  "seed": 1,
  "linear_probe": 0.4186,
  "knn5": 0.3673,
  "ordering_variance_decay": 0.8750572239516572,
  "ordering_pc_alignment": -0.12608400581536053,
  "final_intrinsic_dim": 18.682535129149546,
  "final_dim": 128,
  "reached_naturally": false,
  "n_growth_events": 12
}