{
  "dataset": "cifar10",
  "rate": 1.3,
  "epochs_per_stage": 6,
  "seed": 3,
  "linear_probe": 0.4012,
  "knn5": 0.3649,
  "ordering_variance_decay": 0.9262097143380332,
  "ordering_pc_alignment": -0.18068491230692194,
  "final_intrinsic_dim": 18.914230214530658,
  "final_dim": 128,
  "reached_naturally": false,
  "n_growth_events": 12
}