{
  "dataset": "cifar100",
  "rate": 1.3,
  "epochs_per_stage": 8,
  "seed": 0,
  "linear_probe": 0.1833,
  "knn5": 0.1402,
  "ordering_variance_decay": 0.9350794268449002,
  "ordering_pc_alignment": 0.0793959750478472,
  "final_intrinsic_dim": 13.179796340555013,
  "final_dim": 128,
  "reached_naturally": false,
  "n_growth_events": 12
}