{
  "dataset": "cifar100",
  "rate": 2.0,
  "epochs_per_stage": 6,
  "seed": 3,
  "linear_probe": 0.1636,
  "knn5": 0.1417,
  "ordering_variance_decay": -0.6612685405603369,
  "ordering_pc_alignment": 0.2583863199178033,
  "final_intrinsic_dim": 11.529412506015978,
  "final_dim": 128,
  "reached_naturally": true,
  "n_growth_events": 5
}