{
  "dataset": "cifar100",
  "rate": 2.0,
  "epochs_per_stage": 6,
  "seed": 0,
  "linear_probe": 0.1638,
  "knn5": 0.1421,
  "ordering_variance_decay": -0.5396275865226149,
  "ordering_pc_alignment": -0.1147484485959876,
  "final_intrinsic_dim": 12.130630010065559,
  "final_dim": 128,
  "reached_naturally": true,
  "n_growth_events": 5
}