{
  "dataset": "cifar10",
  "rate": 1.3,
  "epochs_per_stage": 10,
  "seed": 1,
  "linear_probe": 0.4181,
  "knn5": 0.3693,
  "ordering_variance_decay": 0.8772832356711225,
  "ordering_pc_alignment": -0.1074241954860634,
  "final_intrinsic_dim": 18.762126508518513,
  "final_dim": 128,
  "reached_naturally": false,
  "n_growth_events": 12
}