{
  "dataset": "cifar100",
  "rate": 1.3,
  "epochs_per_stage": 4,
  "seed": 4,
  "linear_probe": 0.1865,
  "knn5": 0.1438,
  "ordering_variance_decay": 0.9168421534517486,
  "ordering_pc_alignment": -0.11432497057488358,
  "final_intrinsic_dim": 13.383360369005004,
  "final_dim": 128,
  "reached_naturally": true,
  "n_growth_events": 12
}