{
  "dataset": "cifar10",
  "rate": 1.3,
  "epochs_per_stage": 6,
  "seed": 0,
  "linear_probe": 0.4146,
  "knn5": 0.3603,
  "ordering_variance_decay": 0.9172713330891779,
  "ordering_pc_alignment": 0.06684676286095069,
  "final_intrinsic_dim": 17.197056978258363,
  "final_dim": 128,
  "reached_naturally": false,
  "n_growth_events": 12
}