{
  "dataset": "cifar10",
  "rate": 1.3,
  "epochs_per_stage": 4,
  "seed": 0,
  "linear_probe": 0.4061,
  "knn5": 0.3609,
  "ordering_variance_decay": 0.9132427668925106,
  "ordering_pc_alignment": 0.04321000008810824,
  "final_intrinsic_dim": 17.32317711499751,
  "final_dim": 128,
  "reached_naturally": true,
  "n_growth_events": 12
}