{
  "dataset": "cifar100",
  "rate": 2.5,
  "epochs_per_stage": 10,
  "seed": 1,
  "linear_probe": 0.1704,
  "knn5": 0.145,
  "ordering_variance_decay": 0.4145703625709577,
  "ordering_pc_alignment": 0.19971902719705614,
  "final_intrinsic_dim": 12.243907198426669,
  "final_dim": 128,
  "reached_naturally": true,
  "n_growth_events": 4
}