{
  "dataset": "cifar100",
  "rate": 1.3,
  "epochs_per_stage": 4,
  "seed": 3,
  "linear_probe": 0.1896,
  "knn5": 0.1449,
  "ordering_variance_decay": 0.8470918787767808,
  "ordering_pc_alignment": 0.15060645542894396,
  "final_intrinsic_dim": 12.798964915052183,
  "final_dim": 128,
  "reached_naturally": true,
  "n_growth_events": 12
}