{
  "dataset": "cifar10",
  "rate": 2.5,
  "epochs_per_stage": 10,
  "seed": 1,
  "linear_probe": 0.391,
  "knn5": 0.3395,
  "ordering_variance_decay": 0.4715196392602088,
  "ordering_pc_alignment": 0.2194668419218424,
  "final_intrinsic_dim": 16.840677563760448,
  "final_dim": 128,
  "reached_naturally": true,
  "n_growth_events": 4
}