{
  "dataset": "cifar10",
  "rate": 2.5,
  "epochs_per_stage": 8,
  "seed": 4,
  "linear_probe": 0.3906,
  "knn5": 0.3566,
  "ordering_variance_decay": -0.0217622688152353,
  "ordering_pc_alignment": 0.07806105878030878,
  "final_intrinsic_dim": 18.498676713427628,
  "final_dim": 128,
  "reached_naturally": true,
  "n_growth_events": 4
}