{
  "dataset": "cifar100",
  "rate": 2.5,
  "epochs_per_stage": 6,
  "seed": 0,
  "linear_probe": 0.1722,
  "knn5": 0.1487,
  "ordering_variance_decay": -0.17215253616553744,
  "ordering_pc_alignment": 0.020322744532310835,
  "final_intrinsic_dim": 13.37688253655806,
  "final_dim": 128,
  "reached_naturally": true,
  "n_growth_events": 4
}