{
  "dataset": "cifar100",
  "rate": 1.5,
  "epochs_per_stage": 6,
  "seed": 2,
  "linear_probe": 0.1967,
  "knn5": 0.1554,
  "ordering_variance_decay": 0.8898839498260391,
  "ordering_pc_alignment": -0.031815075516917174,
  "final_intrinsic_dim": 12.675164703057128,
  "final_dim": 128,
  "reached_naturally": true,
  "n_growth_events": 8
}