{
  "dataset": "cifar100",
  "rate": 1.3,
  "epochs_per_stage": 10,
  "seed": 4,
  "linear_probe": 0.1866,
  "knn5": 0.1447,
  "ordering_variance_decay": 0.912063953488372,
  "ordering_pc_alignment": -0.15381265416890674,
  "final_intrinsic_dim": 13.324311992209463,
  "final_dim": 128,
  "reached_naturally": false,
  "n_growth_events": 12
}