{
  "dataset": "cifar100",
  "rate": 1.3,
  "epochs_per_stage": 10,
  "seed": 1,
  "linear_probe": 0.1919,
  "knn5": 0.1548,
  "ordering_variance_decay": 0.9416487364951475,
  "ordering_pc_alignment": 0.05261273546792466,
  "final_intrinsic_dim": 13.355904904098468,
  "final_dim": 128,
  "reached_naturally": false,
  "n_growth_events": 12
}