{
  "dataset": "cifar100",
  "rate": 1.3,
  "epochs_per_stage": 10,
  "seed": 3,
  "linear_probe": 0.1913,
  "knn5": 0.1457,
  "ordering_variance_decay": 0.8427829152169932,
  "ordering_pc_alignment": 0.08515453551408537,
  "final_intrinsic_dim": 12.82700758184755,
  "final_dim": 128,
  "reached_naturally": false,
  "n_growth_events": 12
}