{
  "dataset": "cifar100",
  "rate": 1.5,
  "epochs_per_stage": 8,
  "seed": 4,
  "linear_probe": 0.1847,
  "knn5": 0.1427,
  "ordering_variance_decay": 0.9147935359824209,
  "ordering_pc_alignment": -0.015129066667166817,
  "final_intrinsic_dim": 13.006022030450541,
  "final_dim": 128,
  "reached_naturally": false,
  "n_growth_events": 8
}