{
  "dataset": "cifar100",
  "rate": 2.5,
  "epochs_per_stage": 10,
  "seed": 3,
  "linear_probe": 0.1655,
  "knn5": 0.1416,
  "ordering_variance_decay": 0.3581990477934444,
  "ordering_pc_alignment": 0.19716336874722837,
  "final_intrinsic_dim": 12.538650697889317,
  "final_dim": 128,
  "reached_naturally": true,
  "n_growth_events": 4
}