{
  "dataset": "cifar10",
  "rate": 2.5,
  "epochs_per_stage": 8,
  "seed": 3,
  "linear_probe": 0.3973,
  "knn5": 0.3428,
  "ordering_variance_decay": -0.048646081303790514,
  "ordering_pc_alignment": 0.02941206432546266,
  "final_intrinsic_dim": 17.800772778272652,
  "final_dim": 128,
  "reached_naturally": true,
  "n_growth_events": 4
}