{
  "dataset": "cifar10",
  "rate": 2.0,
  "epochs_per_stage": 6,
  "seed": 3,
  "linear_probe": 0.3857,
  "knn5": 0.3776,
  "ordering_variance_decay": -0.675231184764695,
  "ordering_pc_alignment": 0.017523790304370138,
  "final_intrinsic_dim": 15.620592342315984,
  "final_dim": 128,
  "reached_naturally": true,
  "n_growth_events": 5
}