{
  "dataset": "cifar100",
  "rate": 2.0,
  "epochs_per_stage": 8,
  "seed": 4,
  "linear_probe": 0.1686,
  "knn5": 0.1346,
  "ordering_variance_decay": -0.17212964658487456,
  "ordering_pc_alignment": 0.030258884738337165,
  "final_intrinsic_dim": 11.07806893242661,
  "final_dim": 128,
  "reached_naturally": true,
  "n_growth_events": 5
}