{
  "dataset": "cifar100",
  "rate": 1.3,
  "epochs_per_stage": 6,
  "seed": 2,
  "linear_probe": 0.2013,
  "knn5": 0.1477,
  "ordering_variance_decay": 0.8901128456326681,
  "ordering_pc_alignment": -0.09089755117674223,
  "final_intrinsic_dim": 13.031600528921391,
  "final_dim": 128,
  "reached_naturally": false,
  "n_growth_events": 12
}