{
  "dataset": "cifar10",
  "rate": 2.0,
  "epochs_per_stage": 4,
  "seed": 4,
  "linear_probe": 0.3962,
  "knn5": 0.3662,
  "ordering_variance_decay": -0.6492171763413295,
  "ordering_pc_alignment": -0.017074191908609385,
  "final_intrinsic_dim": 16.43559923680135,
  "final_dim": 128,
  "reached_naturally": true,
  "n_growth_events": 5
}