{
  "dataset": "cifar100",
  "rate": 1.5,
  "epochs_per_stage": 8,
  "seed": 2,
  "linear_probe": 0.1971,
  "knn5": 0.152,
  "ordering_variance_decay": 0.890255905511811,
  "ordering_pc_alignment": -0.031031057561113243,
  "final_intrinsic_dim": 12.612736084495475,
  "final_dim": 128,
  "reached_naturally": false,
  "n_growth_events": 8
}