{
  "dataset": "cifar100",
  "rate": 2.0,
  "epochs_per_stage": 4,
  "seed": 2,
  "linear_probe": 0.1681,
  "knn5": 0.1427,
  "ordering_variance_decay": -0.6214921717634132,
  "ordering_pc_alignment": 0.11413298946935448,
  "final_intrinsic_dim": 12.931811171115049,
  "final_dim": 128,
  "reached_naturally": true,
  "n_growth_events": 5
}