{
  "dataset": "cifar100",
  "rate": 2.5,
  "epochs_per_stage": 6,
  "seed": 1,
  "linear_probe": 0.1734,
  "knn5": 0.1514,
  "ordering_variance_decay": -0.24297862113166083,
  "ordering_pc_alignment": 0.18840973010238485,
  "final_intrinsic_dim": 13.686499992397634,
  "final_dim": 128,
  "reached_naturally": true,
  "n_growth_events": 4
}