{
  "dataset": "cifar100",
  "rate": 1.5,
  "epochs_per_stage": 10,
  "seed": 1,
  "linear_probe": 0.1894,
  "knn5": 0.154,
  "ordering_variance_decay": 0.9208020509064274,
  "ordering_pc_alignment": -0.19867034320205249,
  "final_intrinsic_dim": 13.029329703022563,
  "final_dim": 128,
  "reached_naturally": false,
  "n_growth_events": 8
}