{
  "dataset": "cifar100",
  "rate": 1.3,
  "epochs_per_stage": 6,
  "seed": 4,
  "linear_probe": 0.1837,
  "knn5": 0.1451,
  "ordering_variance_decay": 0.9245559421351399,
  "ordering_pc_alignment": -0.11884159483475631,
  "final_intrinsic_dim": 13.33900462671192,
  "final_dim": 128,
  "reached_naturally": false,
  "n_growth_events": 12
}