{
  "dataset": "cifar10",
  "rate": 1.5,
  "epochs_per_stage": 6,
  "seed": 4,
  "linear_probe": 0.4043,
  "knn5": 0.3603,
  "ordering_variance_decay": 0.8941185222486724,
  "ordering_pc_alignment": 0.06894232530822061,
  "final_intrinsic_dim": 17.975527888068342,
  "final_dim": 128,
  "reached_naturally": true,
  "n_growth_events": 8
}