{
  "dataset": "cifar100",
  "rate": 1.7,
  "epochs_per_stage": 6,
  "seed": 4,
  "linear_probe": 0.1824,
  "knn5": 0.1456,
  "ordering_variance_decay": 0.8563736037355795,
  "ordering_pc_alignment": 0.04951970802897366,
  "final_intrinsic_dim": 13.501213532012589,
  "final_dim": 128,
  "reached_naturally": true,
  "n_growth_events": 6
}