{
  "dataset": "cifar100",
  "rate": 1.5,
  "epochs_per_stage": 6,
  "seed": 0,
  "linear_probe": 0.1798,
  "knn5": 0.1402,
  "ordering_variance_decay": 0.8994117377769639,
  "ordering_pc_alignment": 0.01043923504962895,
  "final_intrinsic_dim": 13.136786830440169,
  "final_dim": 128,
  "reached_naturally": true,
  "n_growth_events": 8
}