{
  "dataset": "cifar10",
  "rate": 1.5,
  "epochs_per_stage": 4,
  "seed": 4,
  "linear_probe": 0.4084,
  "knn5": 0.3679,
  "ordering_variance_decay": 0.7486209027650612,
  "ordering_pc_alignment": 0.0658010695440158,
  "final_intrinsic_dim": 18.486187799984776,
  "final_dim": 128,
  "reached_naturally": true,
  "n_growth_events": 8
}