{
  "dataset": "cifar10",
  "rate": 2.5,
  "epochs_per_stage": 8,
  "seed": 2,
  "linear_probe": 0.3976,
  "knn5": 0.3688,
  "ordering_variance_decay": 0.07747550814869072,
  "ordering_pc_alignment": 0.24200600831603136,
  "final_intrinsic_dim": 17.753968399035188,
  "final_dim": 128,
  "reached_naturally": true,
  "n_growth_events": 4
}