{
  "dataset": "cifar100",
  "rate": 1.5,
  "epochs_per_stage": 6,
  "seed": 3,
  "linear_probe": 0.1861,
  "knn5": 0.1478,
  "ordering_variance_decay": 0.8407800769089909,
  "ordering_pc_alignment": -0.052690955382882085,
  "final_intrinsic_dim": 13.277589766458306,
  "final_dim": 128,
  "reached_naturally": true,
  "n_growth_events": 8
}